Workbook

Sheet Datos
P1: DILIGENCIAMIENTO DEL TECNICO
A2: 1 | B2: 2 | C2: 3 | D2: 4 | E2: 5 | F2: 6 | G2: 7 | H2: 8 | I2: 9 | J2: 10 | K2: 11 | L2: 12 | M2: 13 | N2: 14 | O2: 15 | P2: 16 | Q2: 17 | T2: 18 | U2: 19 | V2: 20 | W2: 21 | X2: 22 | Y2: 23 | Z2: 24 | AA2: 25
A3: CONSECUTIVO | B3: Nombre1 | C3: Documento de Identidad | D3: TIPO DE MANTENIMIENTO | E3: Fecha del reporte | F3: Hora de ingreso | G3: Nombre del Equipo | H3: Marca | I3: Placa del equipo | J3: Número INTERNO | K3: Laboratorio de ubicación | L3: Asignatura | M3: Número de banco | N3: Descripción del daño | O3: observacion | P3: Técnico | Q3: FECHA DE REALIZACIÓN | R3: DATOS EMPRESA CONTRATADA | S3: TIEMPO DE GARANTÍA | T3: Diagnóstico | U3: ESPECIFICACIONES DEL MANTENIMIENTO REALIZADO | V3: ESTADO | W3: RESPUESTO SOLICITADO | X3: Link del repuesto | Y3: Estado solicitud | Z3: Celular | AA3: Tipo solicitante
A4: S-01 | B4: Juan Camilo Cañas | C4: 1005205581 | D4: MIP | E4: 46088 | F4: 0.41666667 | G4: fuentes DC | H4: PEAC | I4: 2017090000000 | K4: Electrónica A 603 | L4: NA | N4: Se realizará MIP de limpieza interna y externa del equipo, de acuerdo con los tiempos establecidos en el cronograma de mantenimiento. Esta intervención se lleva a cabo con el fin de prevenir fallas asociadas a la acumulación de polvo, suciedad y posibles falsos contactos, los cuales pueden afectar el desempeño, la seguridad y la vida útil del equipo. | P4: Juan Camilo Cañas | Q4: 46088 | R4: Contratistas laboratorios de IEE | S4: N.A | T4: Durante la inspección se evidenció exceso de polvo y suciedad acumulada en el ventilador y en la placa del equipo, lo cual puede afectar la correcta disipación de calor y el funcionamiento adecuado de los componentes electrónicos. | U4: Como parte del mantenimiento, se realizó limpieza externa e interna del equipo, incluyendo la limpieza de las placas de circuito con limpiacontactos. Asimismo, se efectuó la limpieza de bornes, conectores, panel frontal y pantallas. Adicionalmente, se llevó a cabo la revisión y ajuste de perillas de control, inspección del cable de alimentación, verificación de interruptores y evaluación del sistema de ventilación, garantizando el correcto funcionamiento del equipo. | V4: Operativo | Y4: Finalizada | AA4: Tecnico
A5: S-02 | B5: Juan Camilo Cañas | C5: 1005205581 | D5: MIP | E5: 46088 | F5: 0.45833333 | G5: fuentes DC | H5: PEAKTECH | I5: 410324 | J5: EA15 | K5: Electrónica A 603 | L5: NA | N5: Se realizará MIP de limpieza interna y externa del equipo, de acuerdo con los tiempos establecidos en el cronograma de mantenimiento. Esta intervención se lleva a cabo con el fin de prevenir fallas asociadas a la acumulación de polvo, suciedad y posibles falsos contactos, los cuales pueden afectar el desempeño, la seguridad y la vida útil del equipo. | P5: Juan Camilo Cañas | Q5: 46088 | R5: Contratistas laboratorios de IEE | S5: N.A | T5: Durante la inspección se evidenció exceso de polvo y suciedad acumulada en el ventilador y en la placa del equipo, lo cual puede afectar la correcta disipación de calor y el funcionamiento adecuado de los componentes electrónicos. | U5: Como parte del mantenimiento, se realizó limpieza externa e interna del equipo, incluyendo la limpieza de las placas de circuito con limpiacontactos. Asimismo, se efectuó la limpieza de bornes, conectores, panel frontal y pantallas. Adicionalmente, se llevó a cabo la revisión y ajuste de perillas de control, inspección del cable de alimentación, verificación de interruptores y evaluación del sistema de ventilación, garantizando el correcto funcionamiento del equipo. | V5: Operativo | Y5: Finalizada | AA5: Tecnico
A6: S-03 | B6: Juan Camilo Cañas | C6: 1005205581 | D6: MIP | E6: 46088 | F6: 0.5 | G6: fuentes DC | H6: PEAKTECH | I6: 410316 | K6: Electrónica A 603 | L6: NA | N6: Se realizará MIP de limpieza interna y externa del equipo, de acuerdo con los tiempos establecidos en el cronograma de mantenimiento. Esta intervención se lleva a cabo con el fin de prevenir fallas asociadas a la acumulación de polvo, suciedad y posibles falsos contactos, los cuales pueden afectar el desempeño, la seguridad y la vida útil del equipo. | P6: Juan Camilo Cañas | Q6: 46088 | R6: Contratistas laboratorios de IEE | S6: N.A | T6: Durante la inspección se evidenció exceso de polvo y suciedad acumulada en el ventilador y en la placa del equipo, lo cual puede afectar la correcta disipación de calor y el funcionamiento adecuado de los componentes electrónicos. | U6: Como parte del mantenimiento, se realizó limpieza externa e interna del equipo, incluyendo la limpieza de las placas de circuito con limpiacontactos. Asimismo, se efectuó la limpieza de bornes, conectores, panel frontal y pantallas. Adicionalmente, se llevó a cabo la revisión y ajuste de perillas de control, inspección del cable de alimentación, verificación de interruptores y evaluación del sistema de ventilación, garantizando el correcto funcionamiento del equipo. | V6: Operativo | Y6: Finalizada | AA6: Tecnico
A7: S-04 | B7: Juan Camilo Cañas | C7: 1005205581 | D7: MIP | E7: 46088 | F7: 0.54166667 | G7: fuentes DC | H7: PEAKTECH | I7: 410326 | K7: Electrónica A 603 | L7: NA | N7: Se realizará MIP de limpieza interna y externa del equipo, de acuerdo con los tiempos establecidos en el cronograma de mantenimiento. Esta intervención se lleva a cabo con el fin de prevenir fallas asociadas a la acumulación de polvo, suciedad y posibles falsos contactos, los cuales pueden afectar el desempeño, la seguridad y la vida útil del equipo. | P7: Juan Camilo Cañas | Q7: 46088 | R7: Contratistas laboratorios de IEE | S7: N.A | T7: Durante la inspección se evidenció exceso de polvo y suciedad acumulada en el ventilador y en la placa del equipo, lo cual puede afectar la correcta disipación de calor y el funcionamiento adecuado de los componentes electrónicos. | U7: Como parte del mantenimiento, se realizó limpieza externa e interna del equipo, incluyendo la limpieza de las placas de circuito con limpiacontactos. Asimismo, se efectuó la limpieza de bornes, conectores, panel frontal y pantallas. Adicionalmente, se llevó a cabo la revisión y ajuste de perillas de control, inspección del cable de alimentación, verificación de interruptores y evaluación del sistema de ventilación, garantizando el correcto funcionamiento del equipo. | V7: Operativo | Y7: Finalizada | AA7: Tecnico
A8: S-05 | B8: Juan Camilo Cañas | C8: 1005205581 | D8: MIP | E8: 46088 | F8: 0.58333333 | G8: fuentes DC | H8: PEAKTECH | I8: 410325 | K8: Electrónica A 603 | L8: NA | N8: Se realizará MIP de limpieza interna y externa del equipo, de acuerdo con los tiempos establecidos en el cronograma de mantenimiento. Esta intervención se lleva a cabo con el fin de prevenir fallas asociadas a la acumulación de polvo, suciedad y posibles falsos contactos, los cuales pueden afectar el desempeño, la seguridad y la vida útil del equipo. | P8: Juan Camilo Cañas | Q8: 46088 | R8: Contratistas laboratorios de IEE | S8: N.A | T8: Durante la inspección se evidenció exceso de polvo y suciedad acumulada en el ventilador y en la placa del equipo, lo cual puede afectar la correcta disipación de calor y el funcionamiento adecuado de los componentes electrónicos. | U8: Como parte del mantenimiento, se realizó limpieza externa e interna del equipo, incluyendo la limpieza de las placas de circuito con limpiacontactos. Asimismo, se efectuó la limpieza de bornes, conectores, panel frontal y pantallas. Adicionalmente, se llevó a cabo la revisión y ajuste de perillas de control, inspección del cable de alimentación, verificación de interruptores y evaluación del sistema de ventilación, garantizando el correcto funcionamiento del equipo. | V8: Operativo | Y8: Finalizada | AA8: Tecnico
A9: S-06 | B9: Juan Camilo Cañas | C9: 1005205581 | D9: MIP | E9: 46097 | F9: 0.41666667 | G9: Generador de señales | H9: RIGOL | I9: 410276 | K9: Electrónica A 603 | L9: NA | N9: Se realizará MIP de limpieza interna y externa del equipo, de acuerdo con los tiempos establecidos en el cronograma de mantenimiento. Esta intervención se lleva a cabo con el fin de prevenir fallas asociadas a la acumulación de polvo, suciedad y posibles falsos contactos, los cuales pueden afectar el desempeño, la seguridad y la vida útil del equipo. | P9: Juan Camilo Cañas | Q9: 46097 | R9: Contratistas laboratorios de IEE | S9: N.A | T9: Durante la inspección se evidenció exceso de polvo y suciedad acumulada en el ventilador y en la placa del equipo, lo cual puede afectar la correcta disipación de calor y el funcionamiento adecuado de los componentes electrónicos. | U9: Como parte del mantenimiento, se realizó limpieza externa e interna del equipo, incluyendo panel frontal, pantallas, teclas de control y conectores de salida (BNC). También se efectuó la inspección del cable de alimentación y enchufe, la revisión del estado y funcionamiento de perillas y botones de ajuste, así como la verificación del sistema de ventilación y disipación térmica, con el fin de asegurar un funcionamiento adecuado y confiable del equipo. | V9: Operativo | Y9: Finalizada | AA9: Tecnico
A10: S-07 | B10: Juan Camilo Cañas | C10: 1005205581 | D10: MIP | E10: 46097 | F10: 0.45833333 | G10: Generador de señales | H10: RIGOL | I10: 410287 | K10: Electrónica A 603 | L10: NA | N10: Se realizará MIP de limpieza interna y externa del equipo, de acuerdo con los tiempos establecidos en el cronograma de mantenimiento. Esta intervención se lleva a cabo con el fin de prevenir fallas asociadas a la acumulación de polvo, suciedad y posibles falsos contactos, los cuales pueden afectar el desempeño, la seguridad y la vida útil del equipo. | P10: Juan Camilo Cañas | Q10: 46097 | R10: Contratistas laboratorios de IEE | S10: N.A | T10: Durante la inspección se evidenció exceso de polvo y suciedad acumulada en el ventilador y en la placa del equipo, lo cual puede afectar la correcta disipación de calor y el funcionamiento adecuado de los componentes electrónicos. | U10: Como parte del mantenimiento, se realizó limpieza externa e interna del equipo, incluyendo panel frontal, pantallas, teclas de control y conectores de salida (BNC). También se efectuó la inspección del cable de alimentación y enchufe, la revisión del estado y funcionamiento de perillas y botones de ajuste, así como la verificación del sistema de ventilación y disipación térmica, con el fin de asegurar un funcionamiento adecuado y confiable del equipo. | V10: Operativo | Y10: Finalizada | AA10: Tecnico
A11: S-08 | B11: Juan Felipe Bonilla Albaron | C11: 20232005180 | D11: MIC | E11: 46078 | F11: 0 | G11: multimetro | H11: ERASMUS | I11: 27 | K11: MAQUINAS B | L11: MOTORES | M11: 27 | N11: Daño en la bocina | P11: Juan Camilo Cañas | Q11: 46106 | R11: Contratistas laboratorios de IEE | S11: N.A | T11: Buzzer del multimetro haciendo interferencia por soldadura desprendida | U11: se procede a rectificar la soldadura | V11: Operativo | Y11: Finalizada | AA11: Tecnico
A12: S-09 | B12: KAROL ESTEFANIA AGUILAR PALACIOS | C12: 20221007091 | D12: MIC | E12: 46111 | F12: 0.5 | G12: FUENTE DC | H12: PEAKTECH | I12: 410312 | J12: 15 | K12: MAQUINAS A | L12: CONVERSION ELECTROMAGNETICA | M12: 4 | N12: LA FUENTE TIENE EL PULSADOR DONDE SE REALIZAN CAMBIOS DE SERIE, PARALELO, DAÑADO, SE QUEDA PEGADO EL PULSADOR | P12: VANESSA CADENA | Q12: 46112 | R12: Contratistas laboratorios de IEE | S12: N.A | T12: SE EVIDENCIA QUE EL PULSADOR PARA PARALELO/SERIE SE QUEDA ATASCADO UNA VEZ SE PULSA | U12: SE REALIZA EL CAMBIO DEL PULSADOR POR UNO QUE ESTA EN LOS EQUIPOS PARA DAR DE BAJA | V12: Operativo | Y12: Finalizada | AA12: Tecnico
A13: S-10 | B13: Juan Camilo Cañas | C13: 1005205581 | D13: MIP | E13: 46112 | F13: 0.34375 | G13: Generador de señales | H13: RIGOL | I13: 410289 | K13: Electrónica A 603 | L13: NA | N13: Se realizará MIP de limpieza interna y externa del equipo, de acuerdo con los tiempos establecidos en el cronograma de mantenimiento. Esta intervención se lleva a cabo con el fin de prevenir fallas asociadas a la acumulación de polvo, suciedad y posibles falsos contactos, los cuales pueden afectar el desempeño, la seguridad y la vida útil del equipo. | P13: Juan Camilo Cañas | Q13: 46112 | R13: Contratistas laboratorios de IEE | S13: N.A | T13: Durante la inspección se evidenció exceso de polvo y suciedad acumulada en el ventilador y en la placa del equipo, lo cual puede afectar la correcta disipación de calor y el funcionamiento adecuado de los componentes electrónicos. | U13: Como parte del mantenimiento, se realizó limpieza externa e interna del equipo, incluyendo panel frontal, pantallas, teclas de control y conectores de salida (BNC). También se efectuó la inspección del cable de alimentación y enchufe, la revisión del estado y funcionamiento de perillas y botones de ajuste, así como la verificación del sistema de ventilación y disipación térmica, con el fin de asegurar un funcionamiento adecuado y confiable del equipo. | V13: Operativo | Y13: Finalizada | AA13: Tecnico
A14: S-11 | B14: Juan Camilo Cañas | C14: 1005205581 | D14: MIP | E14: 46112 | F14: 0.39583333 | G14: Generador de señales | H14: RIGOL | I14: 410291 | K14: Electrónica A 603 | L14: NA | N14: Se realizará MIP de limpieza interna y externa del equipo, de acuerdo con los tiempos establecidos en el cronograma de mantenimiento. Esta intervención se lleva a cabo con el fin de prevenir fallas asociadas a la acumulación de polvo, suciedad y posibles falsos contactos, los cuales pueden afectar el desempeño, la seguridad y la vida útil del equipo. | P14: Juan Camilo Cañas | Q14: 46112 | R14: Contratistas laboratorios de IEE | S14: N.A | T14: Durante la inspección se evidenció exceso de polvo y suciedad acumulada en el ventilador y en la placa del equipo, lo cual puede afectar la correcta disipación de calor y el funcionamiento adecuado de los componentes electrónicos. | U14: Como parte del mantenimiento, se realizó limpieza externa e interna del equipo, incluyendo panel frontal, pantallas, teclas de control y conectores de salida (BNC). También se efectuó la inspección del cable de alimentación y enchufe, la revisión del estado y funcionamiento de perillas y botones de ajuste, así como la verificación del sistema de ventilación y disipación térmica, con el fin de asegurar un funcionamiento adecuado y confiable del equipo. | V14: Operativo | Y14: Finalizada | AA14: Tecnico
A15: S-12 | B15: Juan Camilo Cañas | C15: 1005205581 | D15: MIP | E15: 46112 | F15: 0.44791667 | G15: Generador de señales | H15: RIGOL | I15: 410292 | K15: Electrónica A 603 | L15: NA | N15: Se realizará MIP de limpieza interna y externa del equipo, de acuerdo con los tiempos establecidos en el cronograma de mantenimiento. Esta intervención se lleva a cabo con el fin de prevenir fallas asociadas a la acumulación de polvo, suciedad y posibles falsos contactos, los cuales pueden afectar el desempeño, la seguridad y la vida útil del equipo. | P15: Juan Camilo Cañas | Q15: 46112 | R15: Contratistas laboratorios de IEE | S15: N.A | T15: Durante la inspección se evidenció exceso de polvo y suciedad acumulada en el ventilador y en la placa del equipo, lo cual puede afectar la correcta disipación de calor y el funcionamiento adecuado de los componentes electrónicos. | U15: Como parte del mantenimiento, se realizó limpieza externa e interna del equipo, incluyendo panel frontal, pantallas, teclas de control y conectores de salida (BNC). También se efectuó la inspección del cable de alimentación y enchufe, la revisión del estado y funcionamiento de perillas y botones de ajuste, así como la verificación del sistema de ventilación y disipación térmica, con el fin de asegurar un funcionamiento adecuado y confiable del equipo. | V15: Operativo | Y15: Finalizada | AA15: Tecnico
A16: S-13 | B16: Juan Camilo Cañas | C16: 1005205581 | D16: MIP | E16: 46112 | F16: 0.5 | G16: Generador de señales | H16: RIGOL | I16: 410273 | K16: Electrónica A 603 | L16: NA | N16: Se realizará MIP de limpieza interna y externa del equipo, de acuerdo con los tiempos establecidos en el cronograma de mantenimiento. Esta intervención se lleva a cabo con el fin de prevenir fallas asociadas a la acumulación de polvo, suciedad y posibles falsos contactos, los cuales pueden afectar el desempeño, la seguridad y la vida útil del equipo. | P16: Juan Camilo Cañas | Q16: 46112 | R16: Contratistas laboratorios de IEE | S16: N.A | T16: Durante la inspección se evidenció exceso de polvo y suciedad acumulada en el ventilador y en la placa del equipo, lo cual puede afectar la correcta disipación de calor y el funcionamiento adecuado de los componentes electrónicos. | U16: Como parte del mantenimiento, se realizó limpieza externa e interna del equipo, incluyendo panel frontal, pantallas, teclas de control y conectores de salida (BNC). También se efectuó la inspección del cable de alimentación y enchufe, la revisión del estado y funcionamiento de perillas y botones de ajuste, así como la verificación del sistema de ventilación y disipación térmica, con el fin de asegurar un funcionamiento adecuado y confiable del equipo. | V16: Operativo | Y16: Finalizada | AA16: Tecnico
A17: S-14 | B17: Juan Camilo Cañas | C17: 1005205581 | D17: MIP | E17: 46118 | F17: 0.425 | G17: Fuente Dc | H17: PEAKTECH | I17: 410327 | K17: Electrónica B 604 | L17: NA | N17: Se realizará MIP de limpieza interna y externa del equipo, de acuerdo con los tiempos establecidos en el cronograma de mantenimiento. Esta intervención se lleva a cabo con el fin de prevenir fallas asociadas a la acumulación de polvo, suciedad y posibles falsos contactos, los cuales pueden afectar el desempeño, la seguridad y la vida útil del equipo. | P17: Juan Camilo Cañas | Q17: 46118 | R17: Contratistas laboratorios de IEE | S17: N.A | T17: Durante la inspección se evidenció exceso de polvo y suciedad acumulada en el ventilador y en la placa del equipo, lo cual puede afectar la correcta disipación de calor y el funcionamiento adecuado de los componentes electrónicos. | U17: Como parte del mantenimiento, se realizó limpieza externa e interna del equipo, incluyendo la limpieza de las placas de circuito con limpiacontactos. Asimismo, se efectuó la limpieza de bornes, conectores, panel frontal y pantallas. Adicionalmente, se llevó a cabo la revisión y ajuste de perillas de control, inspección del cable de alimentación, verificación de interruptores y evaluación del sistema de ventilación, garantizando el correcto funcionamiento del equipo. | V17: Operativo | Y17: Finalizada | AA17: Tecnico
A18: S-15 | B18: Juan Camilo Cañas | C18: 1005205581 | D18: MIP | E18: 46118 | F18: 0.46875 | G18: Fuente Dc | H18: PEAKTECH | I18: 110331 | K18: Electrónica B 604 | L18: NA | N18: Se realizará MIP de limpieza interna y externa del equipo, de acuerdo con los tiempos establecidos en el cronograma de mantenimiento. Esta intervención se lleva a cabo con el fin de prevenir fallas asociadas a la acumulación de polvo, suciedad y posibles falsos contactos, los cuales pueden afectar el desempeño, la seguridad y la vida útil del equipo. | P18: Juan Camilo Cañas | Q18: 46118 | R18: Contratistas laboratorios de IEE | S18: N.A | T18: Durante la inspección se evidenció exceso de polvo y suciedad acumulada en el ventilador y en la placa del equipo, lo cual puede afectar la correcta disipación de calor y el funcionamiento adecuado de los componentes electrónicos. | U18: Como parte del mantenimiento, se realizó limpieza externa e interna del equipo, incluyendo la limpieza de las placas de circuito con limpiacontactos. Asimismo, se efectuó la limpieza de bornes, conectores, panel frontal y pantallas. Adicionalmente, se llevó a cabo la revisión y ajuste de perillas de control, inspección del cable de alimentación, verificación de interruptores y evaluación del sistema de ventilación, garantizando el correcto funcionamiento del equipo. | V18: Operativo | Y18: Finalizada | AA18: Tecnico
A19: S-16 | B19: KAROL ESTEFANIA AGUILAR PALACIOS | C19: 20221007091 | D19: MIC | E19: 46120 | F19: 0.41666667 | G19: PINZA VATIMETRICA | H19: ERASMUS | I19: MBIH079931 | J19: 12 | K19: MAQUINAS A | L19: CIRCUITOS 2 | M19: ARMARIO 1 | N19: LA PINZA ESTA DESCALIBRADA | P19: VANESSA CADENA | Q19: 46120 | R19: Contratistas laboratorios de IEE | S19: N.A | T19: SE REALIZA LA VERIFICACION Y SE COMPARA CON DOS PINZAS MAS Y SE EVENCIA QUE NO ESTAN DANDO LOS MISMOS VALORES | U19: SE DESTAPA EL EQUIPO SIN EMBARGO NO SE EVIDENCIA NADA ANORMAL, POR LO QUE AL NO CONTAR CON LOS EQUIPOS NECESARIOS PARA LA CALIBRACION NO SE PUEDE HACER MAS | V19: Mantenimiento externo | Y19: Finalizada | AA19: Estudiante
A20: S-17 | B20: NICOLAS VELASQUEZ AMARILLO | C20: 20202005010 | D20: MIC | E20: 46121 | F20: 0.41666667 | G20: CARGA RESISTIVA TRIFASICA | H20: SOLINGENI | I20: 2020080300002 | J20: 3 | K20: MAQUINAS A | L20: TRANSFORMADORES | N20: AISLADORES QUEMADOS, CONECTORES ROTOS | P20: CARLOS RODRIGUEZ | Q20: 46121 | R20: Contratistas laboratorios de IEE | S20: N.A | T20: LOS AISLADORES INTERNOS DE LAS CARGAS ESTABAN AGRIETADOS Y ROTOS E IGUAL QUE LOS BORNES DE CONEXION | U20: SE SOLDAN LOS BORNES, SE AJUSTAN LOS AISLADORES Y SE CORRIGEN CON | V20: Operativo | Y20: Finalizada | AA20: Estudiante
A21: S-18 | B21: Juan Camilo Cañas | C21: 1005205581 | D21: MIP | E21: 46123 | F21: 0.34722222 | G21: Fuente Dc | H21: PEAKTECH | I21: 20250926005 | K21: Electrónica B 604 | L21: NA | N21: Se realizará MIP de limpieza interna y externa del equipo, de acuerdo con los tiempos establecidos en el cronograma de mantenimiento. Esta intervención se lleva a cabo con el fin de prevenir fallas asociadas a la acumulación de polvo, suciedad y posibles falsos contactos, los cuales pueden afectar el desempeño, la seguridad y la vida útil del equipo. | P21: Juan Camilo Cañas | Q21: 46123 | R21: Contratistas laboratorios de IEE | S21: N.A | T21: Durante la inspección se evidenció exceso de polvo y suciedad acumulada en el ventilador y en la placa del equipo, lo cual puede afectar la correcta disipación de calor y el funcionamiento adecuado de los componentes electrónicos. | U21: Como parte del mantenimiento, se realizó limpieza externa e interna del equipo, incluyendo la limpieza de las placas de circuito con limpiacontactos. Asimismo, se efectuó la limpieza de bornes, conectores, panel frontal y pantallas. Adicionalmente, se llevó a cabo la revisión y ajuste de perillas de control, inspección del cable de alimentación, verificación de interruptores y evaluación del sistema de ventilación, garantizando el correcto funcionamiento del equipo. | V21: Operativo | Y21: Finalizada | AA21: Tecnico
A22: S-19 | B22: Juan Camilo Cañas | C22: 1005205581 | D22: MIP | E22: 46123 | F22: 0.38194444 | G22: Fuente Dc | H22: PEAKTECH | I22: 410331 | K22: Electrónica B 604 | L22: NA | N22: Se realizará MIP de limpieza interna y externa del equipo, de acuerdo con los tiempos establecidos en el cronograma de mantenimiento. Esta intervención se lleva a cabo con el fin de prevenir fallas asociadas a la acumulación de polvo, suciedad y posibles falsos contactos, los cuales pueden afectar el desempeño, la seguridad y la vida útil del equipo. | P22: Juan Camilo Cañas | Q22: 46123 | R22: Contratistas laboratorios de IEE | S22: N.A | T22: Durante la inspección se evidenció exceso de polvo y suciedad acumulada en el ventilador y en la placa del equipo, lo cual puede afectar la correcta disipación de calor y el funcionamiento adecuado de los componentes electrónicos. | U22: Como parte del mantenimiento, se realizó limpieza externa e interna del equipo, incluyendo la limpieza de las placas de circuito con limpiacontactos. Asimismo, se efectuó la limpieza de bornes, conectores, panel frontal y pantallas. Adicionalmente, se llevó a cabo la revisión y ajuste de perillas de control, inspección del cable de alimentación, verificación de interruptores y evaluación del sistema de ventilación, garantizando el correcto funcionamiento del equipo. | V22: Operativo | Y22: Finalizada | AA22: Tecnico
A23: S-20 | B23: Juan Camilo Cañas | C23: 1005205581 | D23: MIP | E23: 46123 | F23: 0.45138889 | G23: Fuente Dc | H23: PEAKTECH | I23: 410330 | K23: Electrónica B 604 | L23: NA | N23: Se realizará MIP de limpieza interna y externa del equipo, de acuerdo con los tiempos establecidos en el cronograma de mantenimiento. Esta intervención se lleva a cabo con el fin de prevenir fallas asociadas a la acumulación de polvo, suciedad y posibles falsos contactos, los cuales pueden afectar el desempeño, la seguridad y la vida útil del equipo. | P23: Juan Camilo Cañas | Q23: 46123 | R23: Contratistas laboratorios de IEE | S23: N.A | T23: Durante la inspección se evidenció exceso de polvo y suciedad acumulada en el ventilador y en la placa del equipo, lo cual puede afectar la correcta disipación de calor y el funcionamiento adecuado de los componentes electrónicos. | U23: Como parte del mantenimiento, se realizó limpieza externa e interna del equipo, incluyendo la limpieza de las placas de circuito con limpiacontactos. Asimismo, se efectuó la limpieza de bornes, conectores, panel frontal y pantallas. Adicionalmente, se llevó a cabo la revisión y ajuste de perillas de control, inspección del cable de alimentación, verificación de interruptores y evaluación del sistema de ventilación, garantizando el correcto funcionamiento del equipo. | V23: Operativo | Y23: Finalizada | AA23: Tecnico
A24: S-21 | B24: Juan Camilo Cañas | C24: 1005205581 | D24: MIP | E24: 46123 | F24: 0.48611111 | G24: Fuente Dc | H24: PEAKTECH | I24: 410315 | K24: Electrónica B 604 | L24: NA | N24: Se realizará MIP de limpieza interna y externa del equipo, de acuerdo con los tiempos establecidos en el cronograma de mantenimiento. Esta intervención se lleva a cabo con el fin de prevenir fallas asociadas a la acumulación de polvo, suciedad y posibles falsos contactos, los cuales pueden afectar el desempeño, la seguridad y la vida útil del equipo. | P24: Juan Camilo Cañas | Q24: 46123 | R24: Contratistas laboratorios de IEE | S24: N.A | T24: Durante la inspección se evidenció exceso de polvo y suciedad acumulada en el ventilador y en la placa del equipo, lo cual puede afectar la correcta disipación de calor y el funcionamiento adecuado de los componentes electrónicos. | U24: Como parte del mantenimiento, se realizó limpieza externa e interna del equipo, incluyendo la limpieza de las placas de circuito con limpiacontactos. Asimismo, se efectuó la limpieza de bornes, conectores, panel frontal y pantallas. Adicionalmente, se llevó a cabo la revisión y ajuste de perillas de control, inspección del cable de alimentación, verificación de interruptores y evaluación del sistema de ventilación, garantizando el correcto funcionamiento del equipo. | V24: Operativo | Y24: Finalizada | AA24: Tecnico
A25: S-22 | B25: Juan Camilo Cañas | C25: 1005205581 | D25: MIC | E25: 46111 | F25: 0.52222222 | G25: Fuente Dc | H25: PEAKTECH | I25: DS1AD105201432 | K25: Electrónica A 603 | L25: NA | N25: TIENE UN BOTON DAÑADO MECANICAMENTE (BOTON ENCENDIDO ) | P25: Juan Camilo Cañas | Q25: 46126 | R25: Contratistas laboratorios de IEE | S25: N.A | T25: EL MECANISMO DEL INTERRUPTOR DE ENCENDIDO FUFRIO DAÑO A NIVEL MECANICO | U25: Se procedio a cambiar el interruptor por uno extraido de un osciloscopio dañado | V25: Operativo | Y25: Finalizada | AA25: Tecnico
A26: S-23 | B26: DAVID SANTIAGO CASTELLANOS | C26: 20241007005 | D26: MIC | E26: 46106 | F26: 0.54166667 | G26: multimetro | H26: ERASMUS | I26: 9 | K26: CIRCUITOS A 607 | L26: CIRCUITOS 1 | M26: 9 | N26: PERILLA SELECTORA DEL MULTIMETRO DAÑADO | P26: Juan Camilo Cañas | Q26: 46126 | R26: Contratistas laboratorios de IEE | S26: N.A | U26: Cambio de perilla, se realiza el cambio con uno de los multimetros que se encunetran en proceso para dar de baja (79) | V26: Operativo | Y26: Finalizada | AA26: Tecnico
A27: S-24 | B27: CARLOS RODRIGUEZ | C27: 1003496413 | D27: MANTENIMIENTO | R27: Contratistas laboratorios de IEE | S27: N.A | Y27: Finalizada | AA27: Tecnico
A28: S-25 | B28: VANESSA CADENA | C28: 1001203428 | D28: MIP | E28: 46091 | F28: 0.33333333 | G28: FUENTE DC | H28: PEAKTECH | I28: 410320 | K28: MAQUINAS A | L28: NA | M28: 1 | N28: SE REALIZA LIMPIEZA Y CONEXION Y DESCONEXION DE COMPONENTES | R28: Contratistas laboratorios de IEE | S28: N.A | Y28: Finalizada | AA28: Tecnico
A29: S-26 | B29: VANESSA CADENA | C29: 1001203428 | D29: MIP | E29: 46092 | F29: 0.5 | G29: FUENTE DC | H29: PEAKTECH | I29: 90166417 | J29: 18 | K29: MAQUINAS A | L29: NA | M29: 2 | N29: SE REALIZA LIMPIEZA Y CONEXION Y DESCONEXION DE COMPONENTES | R29: Contratistas laboratorios de IEE | S29: N.A | Y29: Finalizada | AA29: Tecnico
A30: S-27 | B30: VANESSA CADENA | C30: 1001203428 | D30: MIP | E30: 46093 | F30: 0.33333333 | G30: FUENTE DC | H30: PEAKTECH | I30: 90166932 | J30: 75 | K30: MAQUINAS A | L30: NA | M30: 3 | N30: SE REALIZA LIMPIEZA Y CONEXION Y DESCONEXION DE COMPONENTES | R30: Contratistas laboratorios de IEE | S30: N.A | Y30: Finalizada | AA30: Tecnico
A31: S-28 | B31: VANESSA CADENA | C31: 1001203428 | D31: MIP | E31: 46094 | F31: 0.66666667 | G31: FUENTE DC | H31: PEAKTECH | I31: 410321 | J31: 6 | K31: MAQUINAS A | L31: NA | M31: 8 | N31: SE REALIZA LIMPIEZA Y CONEXION Y DESCONEXION DE COMPONENTES | R31: Contratistas laboratorios de IEE | S31: N.A | Y31: Finalizada | AA31: Tecnico
A32: S-29 | B32: VANESSA CADENA | C32: 1001203429 | D32: MIP | E32: 46097 | F32: 0.41666667 | G32: FUENTE DC | H32: PEAKTECH | I32: 20250926007 | J32: 20 | K32: MAQUINAS A | L32: NA | M32: 5 | N32: SE REALIZA LIMPIEZA Y CONEXION Y DESCONEXION DE COMPONENTES | R32: Contratistas laboratorios de IEE | S32: N.A | Y32: Finalizada | AA32: Tecnico
A33: S-30 | B33: VANESSA CADENA | C33: 1001203430 | D33: MIP | E33: 46098 | F33: 0.33333333 | G33: FUENTE DC | H33: PEAKTECH | I33: 410314 | J33: 89 | K33: MAQUINAS A | L33: NA | M33: 6 | N33: SE REALIZA LIMPIEZA Y CONEXION Y DESCONEXION DE COMPONENTES | R33: Contratistas laboratorios de IEE | S33: N.A | Y33: Finalizada | AA33: Tecnico
A34: S-31 | B34: VANESSA CADENA | C34: 1001203431 | D34: MIP | E34: 46099 | F34: 0.5 | G34: FUENTE DC | H34: PEAKTECH | I34: 410322 | K34: MAQUINAS A | L34: NA | M34: 7 | N34: SE REALIZA LIMPIEZA Y CONEXION Y DESCONEXION DE COMPONENTES | R34: Contratistas laboratorios de IEE | S34: N.A | Y34: Finalizada | AA34: Tecnico
A35: S-32 | B35: VANESSA CADENA | C35: 1001203432 | D35: MIP | E35: 46100 | F35: 0.33333333 | G35: FUENTE DC | H35: PEAKTECH | I35: 90166411 | J35: 2 | K35: MAQUINAS B | L35: NA | M35: 1 | N35: SE REALIZA LIMPIEZA Y CONEXION Y DESCONEXION DE COMPONENTES | R35: Contratistas laboratorios de IEE | S35: N.A | Y35: Finalizada | AA35: Tecnico
A36: S-33 | B36: VANESSA CADENA | C36: 1001203433 | D36: MIP | E36: 46101 | F36: 0.66666667 | G36: FUENTE DC | H36: PEAKTECH | I36: 90166986 | J36: 77 | K36: MAQUINAS B | L36: NA | M36: 2 | N36: SE REALIZA LIMPIEZA Y CONEXION Y DESCONEXION DE COMPONENTES | R36: Contratistas laboratorios de IEE | S36: N.A | Y36: Finalizada | AA36: Tecnico
A37: S-34 | B37: VANESSA CADENA | C37: 1001203435 | D37: MIP | E37: 46105 | F37: 0.33333333 | G37: FUENTE DC | H37: PEAKTECH | I37: 90166426 | J37: 72 | K37: MAQUINAS B | L37: NA | M37: 4 | N37: SE REALIZA LIMPIEZA Y CONEXION Y DESCONEXION DE COMPONENTES | R37: Contratistas laboratorios de IEE | S37: N.A | Y37: Finalizada | AA37: Tecnico
A38: S-35 | B38: VANESSA CADENA | C38: 1001203436 | D38: MIP | E38: 46106 | F38: 0.5 | G38: FUENTE DC | H38: PEAKTECH | I38: 90166399 | J38: 73 | K38: MAQUINAS B | L38: NA | M38: 5 | N38: SE REALIZA LIMPIEZA Y CONEXION Y DESCONEXION DE COMPONENTES | R38: Contratistas laboratorios de IEE | S38: N.A | Y38: Finalizada | AA38: Tecnico
A39: S-36 | B39: VANESSA CADENA | C39: 1001203437 | D39: MIP | E39: 46107 | F39: 0.33333333 | G39: FUENTE DC | H39: PEAKTECH | I39: 90166398 | J39: 3 | K39: MAQUINAS B | L39: NA | M39: 6 | N39: SE REALIZA LIMPIEZA Y CONEXION Y DESCONEXION DE COMPONENTES | R39: Contratistas laboratorios de IEE | S39: N.A | Y39: Finalizada | AA39: Tecnico
A40: S-37 | B40: VANESSA CADENA | C40: 1001203438 | D40: MIP | E40: 46108 | F40: 0.66666667 | G40: FUENTE DC | H40: PEAKTECH | I40: 90166948 | J40: 28 | K40: MAQUINAS B | L40: NA | M40: 7 | N40: SE REALIZA LIMPIEZA Y CONEXION Y DESCONEXION DE COMPONENTES | R40: Contratistas laboratorios de IEE | S40: N.A | Y40: Finalizada | AA40: Tecnico
A41: S-38 | B41: VANESSA CADENA | C41: 1001203439 | D41: MIP | E41: 46111 | F41: 0.375 | G41: FUENTE DC | H41: PEAKTECH | I41: 410329 | J41: 82 | K41: MAQUINAS B | L41: NA | M41: 8 | N41: SE REALIZA LIMPIEZA Y CONEXION Y DESCONEXION DE COMPONENTES | R41: Contratistas laboratorios de IEE | S41: N.A | Y41: Finalizada | AA41: Tecnico
A42: S-39 | B42: VANESSA CADENA | C42: 1001203432 | D42: MIP | G42: OSCILOSCOPIO | H42: RIGOL | I42: DS1EA111700415 | J42: 61 | K42: MAQUINAS A | L42: NA | M42: 1 | N42: SE REALIZA LIMPIEZA Y CONEXION Y DESCONEXION DE COMPONENTES | R42: Contratistas laboratorios de IEE | S42: N.A | Y42: Finalizada | AA42: Tecnico
A43: S-40 | B43: VANESSA CADENA | C43: 1001203433 | D43: MIP | G43: OSCILOSCOPIO | H43: RIGOL | I43: DS1EA112800535 | K43: MAQUINAS A | L43: NA | M43: 2 | N43: SE REALIZA LIMPIEZA Y CONEXION Y DESCONEXION DE COMPONENTES | R43: Contratistas laboratorios de IEE | S43: N.A | Y43: Finalizada | AA43: Tecnico
A44: S-41 | B44: VANESSA CADENA | C44: 1001203434 | D44: MIP | G44: OSCILOSCOPIO | H44: RIGOL | I44: DS1EA112400452 | J44: 66 | K44: MAQUINAS A | L44: NA | M44: 3 | N44: SE REALIZA LIMPIEZA Y CONEXION Y DESCONEXION DE COMPONENTES | R44: Contratistas laboratorios de IEE | S44: N.A | Y44: Finalizada | AA44: Tecnico
A45: S-42 | B45: VANESSA CADENA | C45: 1001203435 | D45: MIP | G45: OSCILOSCOPIO | H45: RIGOL | I45: DS1EA112800522 | J45: 65 | K45: MAQUINAS A | L45: NA | M45: 4 | N45: SE REALIZA LIMPIEZA Y CONEXION Y DESCONEXION DE COMPONENTES | R45: Contratistas laboratorios de IEE | S45: N.A | Y45: Finalizada | AA45: Tecnico
A46: S-43 | B46: VANESSA CADENA | C46: 1001203436 | D46: MIP | G46: OSCILOSCOPIO | H46: RIGOL | I46: DS1EA112800532 | J46: 62 | K46: MAQUINAS A | L46: NA | M46: 5 | N46: SE REALIZA LIMPIEZA Y CONEXION Y DESCONEXION DE COMPONENTES | R46: Contratistas laboratorios de IEE | S46: N.A | Y46: Finalizada | AA46: Tecnico
A47: S-44 | B47: VANESSA CADENA | C47: 1001203437 | D47: MIP | G47: OSCILOSCOPIO | H47: RIGOL | I47: DS1EA112800517 | K47: MAQUINAS A | L47: NA | M47: 6 | N47: SE REALIZA LIMPIEZA Y CONEXION Y DESCONEXION DE COMPONENTES | R47: Contratistas laboratorios de IEE | S47: N.A | Y47: Finalizada | AA47: Tecnico
A48: S-45 | B48: VANESSA CADENA | C48: 1001203438 | D48: MIP | G48: OSCILOSCOPIO | H48: RIGOL | I48: DS1AD101601054 | J48: 17 | K48: MAQUINAS A | L48: NA | M48: 7 | N48: SE REALIZA LIMPIEZA Y CONEXION Y DESCONEXION DE COMPONENTES | R48: Contratistas laboratorios de IEE | S48: N.A | Y48: Finalizada | AA48: Tecnico
A49: S-46 | B49: VANESSA CADENA | C49: 1001203439 | D49: MIP | G49: OSCILOSCOPIO | H49: GW INSTECK | I49: EE190208 | J49: 51 | K49: MAQUINAS A | L49: NA | M49: 8 | N49: SE REALIZA LIMPIEZA Y CONEXION Y DESCONEXION DE COMPONENTES | R49: Contratistas laboratorios de IEE | S49: N.A | Y49: Finalizada | AA49: Tecnico
A50: S-47 | B50: VANESSA CADENA | C50: 1001203432 | D50: MIP | G50: OSCILOSCOPIO | H50: RIGOL | I50: DS1AD105201407 | J50: 29 | K50: MAQUINAS B | L50: NA | M50: 1 | N50: SE REALIZA LIMPIEZA Y CONEXION Y DESCONEXION DE COMPONENTES | R50: Contratistas laboratorios de IEE | S50: N.A | Y50: Finalizada | AA50: Tecnico
A51: S-48 | B51: VANESSA CADENA | C51: 1001203433 | D51: MIP | E51: 46126 | F51: 0.44583333 | G51: OSCILOSCOPIO | H51: RIGOL | I51: DS1AD105201417 | J51: 9 | K51: MAQUINAS B | L51: NA | M51: 2 | N51: SE REALIZA LIMPIEZA Y CONEXION Y DESCONEXION DE COMPONENTES | R51: Contratistas laboratorios de IEE | S51: N.A | Y51: Finalizada | AA51: Tecnico
A52: S-49 | B52: VANESSA CADENA | C52: 1001203434 | D52: MIP | G52: OSCILOSCOPIO | H52: RIGOL | I52: DS1AD105201408 | J52: 11 | K52: MAQUINAS B | L52: NA | M52: 3 | N52: SE REALIZA LIMPIEZA Y CONEXION Y DESCONEXION DE COMPONENTES | R52: Contratistas laboratorios de IEE | S52: N.A | Y52: Finalizada | AA52: Tecnico
A53: S-50 | B53: VANESSA CADENA | C53: 1001203435 | D53: MIP | G53: OSCILOSCOPIO | H53: RIGOL | I53: DS1AD104501387 | J53: 2 | K53: MAQUINAS B | L53: NA | M53: 4 | N53: SE REALIZA LIMPIEZA Y CONEXION Y DESCONEXION DE COMPONENTES | R53: Contratistas laboratorios de IEE | S53: N.A | Y53: Finalizada | AA53: Tecnico
A54: S-51 | B54: VANESSA CADENA | C54: 1001203436 | D54: MIP | E54: 46126 | F54: 0.44444444 | G54: OSCILOSCOPIO | H54: RIGOL | I54: DS1AD102801313 | J54: 18 | K54: MAQUINAS B | L54: NA | M54: 5 | N54: SE REALIZA LIMPIEZA Y CONEXION Y DESCONEXION DE COMPONENTES | R54: Contratistas laboratorios de IEE | S54: N.A | Y54: Finalizada | AA54: Tecnico
A55: S-52 | B55: VANESSA CADENA | C55: 1001203437 | D55: MIP | G55: OSCILOSCOPIO | H55: RIGOL | I55: DS1AD105201420 | J55: 10 | K55: MAQUINAS B | L55: NA | M55: 6 | N55: SE REALIZA LIMPIEZA Y CONEXION Y DESCONEXION DE COMPONENTES | R55: Contratistas laboratorios de IEE | S55: N.A | Y55: Finalizada | AA55: Tecnico
A56: S-53 | B56: VANESSA CADENA | C56: 1001203438 | D56: MIP | E56: 46126 | F56: 0.44444444 | G56: OSCILOSCOPIO | H56: RIGOL | I56: DS1AD105201404 | J56: 27 | K56: MAQUINAS B | L56: NA | M56: 7 | N56: SE REALIZA LIMPIEZA Y CONEXION Y DESCONEXION DE COMPONENTES | R56: Contratistas laboratorios de IEE | S56: N.A | Y56: Finalizada | AA56: Tecnico
A57: S-54 | B57: VANESSA CADENA | C57: 1001203439 | D57: MIP | G57: OSCILOSCOPIO | H57: RIGOL | I57: DS1AD105201431 | J57: 30 | K57: MAQUINAS B | L57: NA | M57: 8 | N57: SE REALIZA LIMPIEZA Y CONEXION Y DESCONEXION DE COMPONENTES | R57: Contratistas laboratorios de IEE | S57: N.A | Y57: Finalizada | AA57: Tecnico
A58: S-55 | B58: WILLIAM RICARDO LOPEZ | C58: 20232007149 | D58: MIC | E58: 46149 | F58: 0.33333333 | G58: CARGA RESISTIVA TRIFASICA | H58: SOLINGENI | I58: 2020080300004 | J58: 4 | K58: MAQUINAS A | L58: CIRCUITOS 2 | M58: 4 | N58: R1 Y R2 PROBABLEMENTE EN CORTO, EN CUALQUIER POSICION AL ENERGIZAR SE SALTAN LAS PROTECCIONES | P58: VANESSA CADENA/CARLOS RODRIGUEZ | Q58: 46149 | R58: Contratistas laboratorios de IEE | S58: N.A | T58: Se evidencia que las resistencias se fundieron por lo que se encontraba en corto, adicionalmente, estas se encuentran abiertas por lo que aun que se repararon no se puede hacer nada más ya que no se cuentan con los repuestos. | U58: Se procede a realizar una primer verificacion de funcionamiento en la que se corrobora el mal funcionamiento del equipo, se continua con la apertura del equipo en donde se evidiencia el mal estado de los componentes internos las resistencias se encontraban en corto y unas cuantas estaban habiertas se procede a realizar el desmontaje de cada una de las resistencias y verificar su estado para constatar que efectivamente la mayoria estaban defectuasas; se realiza limpieza en general y se procede a nuevamente hacer el montaje del equipo. | V58: Mantenimiento externo | W58: Resistencias | Y58: Finalizada | AA58: Tecnico
A59: S-56 | B59: Juan Camilo Cañas Tirado | C59: 1005205581 | D59: MIP | E59: 46087 | F59: 0.33333333 | G59: FUENTE DC | I59: 2023032200245 | J59: 1 | K59: ELECTRONICA A | L59: N.A | N59: Se realizó MIP a la fuente DC, de acuerdo con el cronograma de mantenimientos establecido, efectuando limpieza interna y externa del equipo, revisión de sus componentes y verificación general de funcionamiento, con el fin de garantizar condiciones adecuadas para su operación. | P59: Juan Camilo Cañas | Q59: 46087 | R59: Contratistas laboratorios de IEE | S59: N.A | T59: Se evidenció acumulación excesiva de polvo y presencia de mugre en el interior del equipo. A nivel operativo, el equipo se encuentra funcional y presenta un correcto funcionamiento. | U59: Se realizó MIP a la fuente DC, incluyendo limpieza interna y externa, revisión de conexiones y componentes, y verificación de los sistemas de ventilación y regulación. Finalmente, se realizaron pruebas de funcionamiento, voltaje, corriente y modos de operación, comprobando su correcto funcionamiento. | V59: Operativo | Y59: Finalizada | AA59: Tecnico
A60: S-57 | B60: Juan Camilo Cañas Tirado | C60: 1005205581 | D60: MIP | E60: 46087 | F60: 0.375 | G60: FUENTE DC | I60: 2017092700006 | K60: ELECTRONICA A | L60: N.A | N60: Se realizó MIP a la fuente DC, de acuerdo con el cronograma de mantenimientos establecido, efectuando limpieza interna y externa del equipo, revisión de sus componentes y verificación general de funcionamiento, con el fin de garantizar condiciones adecuadas para su operación. | P60: Juan Camilo Cañas | Q60: 46087 | R60: Contratistas laboratorios de IEE | S60: N.A | T60: Se evidenció acumulación excesiva de polvo y presencia de mugre en el interior del equipo. A nivel operativo, el equipo se encuentra funcional y presenta un correcto funcionamiento. | U60: Se realizó MIP a la fuente DC, incluyendo limpieza interna y externa, revisión de conexiones y componentes, y verificación de los sistemas de ventilación y regulación. Finalmente, se realizaron pruebas de funcionamiento, voltaje, corriente y modos de operación, comprobando su correcto funcionamiento. | V60: Operativo | Y60: Finalizada | AA60: Tecnico
A61: S-58 | B61: Juan Camilo Cañas Tirado | C61: 1005205582 | D61: MIP | E61: 46087 | F61: 0.41666667 | G61: FUENTE DC | I61: 20250709014 | K61: ELECTRONICA A | L61: N.A | N61: Se realizó MIP a la fuente DC, de acuerdo con el cronograma de mantenimientos establecido, efectuando limpieza interna y externa del equipo, revisión de sus componentes y verificación general de funcionamiento, con el fin de garantizar condiciones adecuadas para su operación. | P61: Juan Camilo Cañas | Q61: 46087 | R61: Contratistas laboratorios de IEE | S61: N.A | T61: Se evidenció acumulación excesiva de polvo y presencia de mugre en el interior del equipo. A nivel operativo, el equipo se encuentra funcional y presenta un correcto funcionamiento. | U61: Se realizó MIP a la fuente DC, incluyendo limpieza interna y externa, revisión de conexiones y componentes, y verificación de los sistemas de ventilación y regulación. Finalmente, se realizaron pruebas de funcionamiento, voltaje, corriente y modos de operación, comprobando su correcto funcionamiento. | V61: Operativo | Y61: Finalizada | AA61: Tecnico
A62: S-59 | B62: Juan Camilo Cañas Tirado | C62: 1005205583 | D62: MIP | E62: 46088 | F62: 0.45833333 | G62: FUENTE DC | I62: 20250709016 | K62: ELECTRONICA A | L62: N.A | N62: Se realizó MIP a la fuente DC, de acuerdo con el cronograma de mantenimientos establecido, efectuando limpieza interna y externa del equipo, revisión de sus componentes y verificación general de funcionamiento, con el fin de garantizar condiciones adecuadas para su operación. | P62: Juan Camilo Cañas | Q62: 46088 | R62: Contratistas laboratorios de IEE | S62: N.A | T62: Se evidenció acumulación excesiva de polvo y presencia de mugre en el interior del equipo. A nivel operativo, el equipo se encuentra funcional y presenta un correcto funcionamiento. | U62: Se realizó MIP a la fuente DC, incluyendo limpieza interna y externa, revisión de conexiones y componentes, y verificación de los sistemas de ventilación y regulación. Finalmente, se realizaron pruebas de funcionamiento, voltaje, corriente y modos de operación, comprobando su correcto funcionamiento. | V62: Operativo | Y62: Finalizada | AA62: Tecnico
A63: S-60 | C63: =IF(OfficeForms.Table[[#This Row],[Nombre1]]="","",VLOOKUP(OfficeForms.Table[[#This Row],[Nombre1]]:OfficeForms.Table[[#This Row],[Nombre1]],CPS!A60:B65,2,FALSE)) | D63: =IF(OfficeForms.Table[[#This Row],[Nombre1]]="","",VLOOKUP(OfficeForms.Table[[#This Row],[Nombre1]]:OfficeForms.Table[[#This Row],[Nombre1]],CPS!A62:C66,2,FALSE))
A64: S-61 | C64: =IF(OfficeForms.Table[[#This Row],[Nombre1]]="","",VLOOKUP(OfficeForms.Table[[#This Row],[Nombre1]]:OfficeForms.Table[[#This Row],[Nombre1]],CPS!A61:B66,2,FALSE)) | D64: =IF(OfficeForms.Table[[#This Row],[Nombre1]]="","",VLOOKUP(OfficeForms.Table[[#This Row],[Nombre1]]:OfficeForms.Table[[#This Row],[Nombre1]],CPS!A63:C67,2,FALSE))
A65: S-62 | C65: =IF(OfficeForms.Table[[#This Row],[Nombre1]]="","",VLOOKUP(OfficeForms.Table[[#This Row],[Nombre1]]:OfficeForms.Table[[#This Row],[Nombre1]],CPS!A62:B67,2,FALSE)) | D65: =IF(OfficeForms.Table[[#This Row],[Nombre1]]="","",VLOOKUP(OfficeForms.Table[[#This Row],[Nombre1]]:OfficeForms.Table[[#This Row],[Nombre1]],CPS!A64:C68,2,FALSE))
A66: S-63 | C66: =IF(OfficeForms.Table[[#This Row],[Nombre1]]="","",VLOOKUP(OfficeForms.Table[[#This Row],[Nombre1]]:OfficeForms.Table[[#This Row],[Nombre1]],CPS!A63:B68,2,FALSE)) | D66: =IF(OfficeForms.Table[[#This Row],[Nombre1]]="","",VLOOKUP(OfficeForms.Table[[#This Row],[Nombre1]]:OfficeForms.Table[[#This Row],[Nombre1]],CPS!A65:C69,2,FALSE))
A67: S-64 | C67: =IF(OfficeForms.Table[[#This Row],[Nombre1]]="","",VLOOKUP(OfficeForms.Table[[#This Row],[Nombre1]]:OfficeForms.Table[[#This Row],[Nombre1]],CPS!A64:B69,2,FALSE)) | D67: =IF(OfficeForms.Table[[#This Row],[Nombre1]]="","",VLOOKUP(OfficeForms.Table[[#This Row],[Nombre1]]:OfficeForms.Table[[#This Row],[Nombre1]],CPS!A66:C70,2,FALSE))
A68: S-65 | C68: =IF(OfficeForms.Table[[#This Row],[Nombre1]]="","",VLOOKUP(OfficeForms.Table[[#This Row],[Nombre1]]:OfficeForms.Table[[#This Row],[Nombre1]],CPS!A65:B70,2,FALSE)) | D68: =IF(OfficeForms.Table[[#This Row],[Nombre1]]="","",VLOOKUP(OfficeForms.Table[[#This Row],[Nombre1]]:OfficeForms.Table[[#This Row],[Nombre1]],CPS!A67:C71,2,FALSE))
A69: S-66 | C69: =IF(OfficeForms.Table[[#This Row],[Nombre1]]="","",VLOOKUP(OfficeForms.Table[[#This Row],[Nombre1]]:OfficeForms.Table[[#This Row],[Nombre1]],CPS!A60:B65,2,FALSE)) | D69: =IF(OfficeForms.Table[[#This Row],[Nombre1]]="","",VLOOKUP(OfficeForms.Table[[#This Row],[Nombre1]]:OfficeForms.Table[[#This Row],[Nombre1]],CPS!A62:C66,2,FALSE))
A70: S-67 | C70: =IF(OfficeForms.Table[[#This Row],[Nombre1]]="","",VLOOKUP(OfficeForms.Table[[#This Row],[Nombre1]]:OfficeForms.Table[[#This Row],[Nombre1]],CPS!A61:B66,2,FALSE)) | D70: =IF(OfficeForms.Table[[#This Row],[Nombre1]]="","",VLOOKUP(OfficeForms.Table[[#This Row],[Nombre1]]:OfficeForms.Table[[#This Row],[Nombre1]],CPS!A63:C67,2,FALSE))
A71: S-68 | C71: =IF(OfficeForms.Table[[#This Row],[Nombre1]]="","",VLOOKUP(OfficeForms.Table[[#This Row],[Nombre1]]:OfficeForms.Table[[#This Row],[Nombre1]],CPS!A62:B67,2,FALSE)) | D71: =IF(OfficeForms.Table[[#This Row],[Nombre1]]="","",VLOOKUP(OfficeForms.Table[[#This Row],[Nombre1]]:OfficeForms.Table[[#This Row],[Nombre1]],CPS!A64:C68,2,FALSE))
A72: S-69 | C72: =IF(OfficeForms.Table[[#This Row],[Nombre1]]="","",VLOOKUP(OfficeForms.Table[[#This Row],[Nombre1]]:OfficeForms.Table[[#This Row],[Nombre1]],CPS!A60:B65,2,FALSE)) | D72: =IF(OfficeForms.Table[[#This Row],[Nombre1]]="","",VLOOKUP(OfficeForms.Table[[#This Row],[Nombre1]]:OfficeForms.Table[[#This Row],[Nombre1]],CPS!A62:C66,2,FALSE))
A73: S-70
A74: S-71
A75: S-72
A76: S-73 | B76: Magda Julieth Morenlo Torres | C76: 20202007046 | D76: MIC | E76: 46274 | F76: 0.58333333 | G76: MODULO RESISTIVO | H76: LD | J76: MA88 | K76: MAQUINAS A | L76: CIRCUITOS II | M76: 5 | N76: Durante la practica estudiantes quemaron el equipo. | P76: Nelson G | Q76: 46276 | R76: Contratistas laboratorios de IEE | S76: N.A | T76: Daño por uso inadecuado. | U76: Revision y cambio de 4 resistencias de potencias de 100 ohms a 50W. | V76: Operativo | Y76: Finalizada | AA76: Monitor
A77: S-74 | B77: Fernando Andres Rojas Fernandez | C77: 20231005018 | D77: MIC | E77: 46243 | F77: 0.33194444 | G77: MODULO RESISTIVO | H77: LD | J77: A185 | K77: MAQUINAS A | L77: ELECTRONICA DE POTENCIA | M77: 4 | N77: Daño bobina interna. | P77: Nelson G | Q77: 46274 | R77: Contratistas laboratorios de IEE | S77: N.A | T77: Bobinado quemado por corto circuito o sobre corriente. | U77: Se hace reáracion del bobinado con la novedad que se pierde 30 ohm en la resistencia. | V77: Operativo | Y77: Finalizada | AA77: Monitor
A78: S-75 | B78: Deiver Arley Niño Roa | C78: 20212005155 | D78: MIC | E78: 46267 | F78: 0.44375 | G78: MEDIDOR DE AMBIENTE | H78: PEAKTECH | J78: A58 | K78: CIRCUITOS A | L78: ADICIONAL | M78: 5 | N78: En el medidor de ambiente, el cable del luxometro no realiza buen contacto. | P78: Nelson G | Q78: 46273 | R78: Contratistas laboratorios de IEE | S78: N.A | T78: Cable de sensor abierto. | U78: Se hace la reconexion del cable al sensor. | V78: Operativo | Y78: Finalizada | AA78: Monitor
A79: S-76 | B79: Erick Santiago Duran Simijaca | C79: 20232005109 | D79: MIC | E79: 46273 | F79: 0.58333333 | G79: MULTIMETRO DIGITAL | H79: ERASMUS | J79: 009 | K79: CIRCUITOS A | L79: CIRCUITOS I | M79: 8 | N79: No mide correctamente mA y uA; Se cambia por multimetro 03. | P79: Nelson G | Q79: 46273 | R79: Contratistas laboratorios de IEE | S79: N.A | T79: Circuito de puente de diodos quemados por mal uso. | U79: Remplazo de 3 diodos IN4007 y un diodo INI5342B. | V79: Operativo | Y79: Finalizada | AA79: Monitor
A80: S-77 | B80: Cristian Camilo Diaz Lagos | C80: 20202005134 | D80: MIC | E80: 46254 | G80: FUENTE DC | H80: PEAKTECH | J80: CD33 | K80: CIRCUITOS A | L80: CIRCUITOS II | M80: 9 | N80: Al conectar a la tomacorriente solto chispas, y solo quedo sirviendo una de las salidas de voltaje. | P80: Nelson G | Q80: 46258 | R80: Contratistas laboratorios de IEE | S80: N.A | T80: Corto circuito. | U80: Remplazo transistor 2N3055, 2 elementros resistivos y 1 potenciometro de 6 kilo ohmios. | V80: Operativo | Y80: Finalizada | AA80: Monitor
A81: S-78 | B81: Deiver Arley Niño Roa | C81: 20212005155 | D81: MIC | E81: 46260 | F81: 0.37777778 | G81: MULTIMETRO PRECISION | H81: RIGOL | J81: A296 | K81: ELECTRONICA A | L81: INSTRUMENTACION INDUSTRIAL | M81: 3 | N81: No mide corriente mA. | P81: Nelson G | Q81: 46262 | R81: Contratistas laboratorios de IEE | S81: N.A | T81: Fusible quemado por sobrecorriente en el circuito. | U81: Se reemplaza fusible de 0.5A generico de porcelana. | V81: Operativo | Y81: Finalizada | AA81: Monitor
A82: S-79 | B82: Erick Santiago Duran Simijaca | C82: 20232005109 | D82: MIC | E82: 46171 | F82: 0.25 | G82: OSCILOSCOPIO DIGITAL | H82: RIGOL | J82: 1 | K82: MAQUINAS A | L82: ADICIONAL | M82: 1 | N82: Presunto daño en boton de encendido. | P82: Nelson G | Q82: 46176 | R82: Contratistas laboratorios de IEE | S82: N.A | T82: Daño por uso inadecuado. | U82: Remplazo de interruptor de encendido. | V82: Operativo | Y82: Finalizada | AA82: Monitor
A83: S-80 | B83: Miguel Ortega | C83: 20231007009 | D83: MIC | E83: 46134 | F83: 0.45833333 | G83: FUENTE DC | H83: PEAKTECH | J83: 410420 | K83: ELECTRONICA B | L83: ADICIONAL | M83: 1 | N83: El canal 1 entra en corto en 15v y en algunos casos la corriente llega a 9A, por lo que no regula bien la corriente. El daño solo esta en algunos momentos, radiador del canal 1 con exceso de temperatura. | P83: Nelson G | Q83: 46174 | R83: Contratistas laboratorios de IEE | S83: N.A | T83: Potenciometros de ajuste de corriente de canal 1 dañados. | U83: Remplazo de 2 potenciometros de 6 y 7 kilo ohmios. | V83: Operativo | Y83: Finalizada | AA83: Monitor
A84: S-81 | B84: Jeisson Ivan Sanchez Casallas | C84: 20191005115 | D84: MIC | E84: 45952 | F84: 0.34375 | G84: LUXOMETRO | H84: PEAKTECH | J84: 10 | K84: ELECTRONICA A | L84: INSTRUMENTACION INDUSTRIAL | M84: 3 | N84: Conector de luxometro dañado. | P84: Nelson G | Q84: 46156 | R84: Contratistas laboratorios de IEE | S84: N.A | T84: Daño por uso. | U84: Reparación de puntos de conexión. | V84: Operativo | Y84: Finalizada | AA84: Monitor
A85: S-82 | B85: Juan Camilo Cañas Tirado | C85: 1005205581 | D85: MIC | E85: 46155 | F85: 0.46527778 | G85: FUENTE DC | H85: PEAKTECH | J85: 410328 | K85: ELECTRONICA A | L85: N.A | M85: 10 | N85: Se estaba realizando MIP y se percata que a pesar que la fuente funciona bien, los condensadores del candal de 5V tienen su cubierta estallada (Se cambia por fuente #3). | P85: Nelson G | Q85: 46178 | R85: Contratistas laboratorios de IEE | S85: N.A | T85: En el canal de 5V el condensador de 4700uF-16V y 470uF-35v necesitan cambio. | U85: Remplazo de componentes con falla. | V85: Operativo | Y85: Finalizada | AA85: Tecnico
A86: S-83 | B86: Santiago Ossa Varón | C86: 1016113155 | D86: MIC | E86: 46157 | G86: MULTIMETRO | H86: ERASMUS | J86: 067 | K86: 509 | L86: N.A | M86: 5 | N86: Multimetro presenta daño en el diodo (D5). Se manejo con alto voltaje. | P86: Nelson G | Q86: 46157 | R86: Contratistas laboratorios de IEE | S86: N.A | T86: Daño de fusible 0.5A. | U86: Remplazo de fusible y bateria. | V86: Operativo | Y86: Finalizada | AA86: Monitor
A87: S-84 | B87: Joan Manuel Acosta Garcia | C87: 20221005129 | D87: MIC | E87: 46139 | F87: 0.38888889 | G87: MULTIMETRO PRECISION | H87: RIGOL | J87: A291 | K87: ALMACEN | L87: N.A | M87: N.A | N87: No mide en escala de uA y mA. | P87: Nelson G | Q87: 46139 | R87: Contratistas laboratorios de IEE | S87: N.A | T87: Daño por corto circuito y sobre corriente. | U87: Cambio de 2 fusibles de 500mA y 10A. | V87: Operativo | Y87: Finalizada | AA87: Monitor
A88: S-85 | B88: Yerson Stiven Rodriguez Torres | C88: 20221007019 | D88: MIC | E88: 46249 | F88: 0.5 | G88: OSCILOSCOPIO | H88: RIGOL | K88: MAQUINAS B | L88: ADICIONAL | M88: 2 | N88: Daño en una perilla. | P88: Nelson G | Q88: 46253 | R88: Contratistas laboratorios de IEE | S88: N.A | T88: Daño por mal uso enconder rotativo. | U88: Se remplaza encoder rotativo partido. Se hace limpieza a tarjetas de control y fuente. | V88: Operativo | Y88: Finalizada | AA88: Monitor
A89: S-86 | B89: NICOLAS VELASQUEZ AMARILLO | C89: 20202005010 | D89: MIC | E89: 46179 | F89: 0.375 | G89: FUENTE DC | H89: PEAKTECH | J89: 8 | K89: ELECTRONICA A | L89: ADICIONAL | M89: 3 | N89: En el segundo canal se evidencio daño marcando 53V ya que está en corto. | P89: Nelson G | Q89: 46245 | R89: Contratistas laboratorios de IEE | S89: N.A | T89: Sobrecorriente por tiempo prolongado. | U89: Cambio transistor de potencia 2N3055 y 2 elementos resistivos. | V89: Operativo | Y89: Finalizada | AA89: Monitor
A90: S-87 | B90: Jeison Duvan Baquero Bello | C90: 1016593511 | D90: MIC | E90: 45559 | F90: 0.41666667 | G90: MULTIMETRO | H90: ERASMUS | J90: 19 | K90: ELECTRONICA B | L90: ADICIONAL | M90: 2 | N90: Multimetro no enciende. | P90: Michael | Q90: 45533 | R90: Contratistas laboratorios de IEE | S90: N.A | T90: Se encuentra multimetro con bateria descargada. | U90: Se cambia bateria 9V y se deja funcionando. | V90: Operativo | Y90: Finalizada | AA90: Monitor
A91: S-88 | B91: Alexander Rodriguez | C91: 20181007074 | D91: MIC | E91: 45350 | F91: 0.58333333 | G91: MULTIMETRO | H91: ERASMUS | K91: MAQUINAS B | L91: CIRCUITOS I | M91: N.A | N91: Multimetro con fusible dañado. | P91: Diego Jimenez | Q91: 45350 | R91: Contratistas laboratorios de IEE | S91: N.A | T91: Se daño el fusible mA. | U91: Cambio fusible mA. | V91: Operativo | Y91: Finalizada | AA91: Monitor
A92: S-89 | B92: DAVID SANTIAGO CASTELLANOS | C92: 20241007005 | D92: MIC | E92: 46106 | F92: 0.54166667 | G92: MULTIMETRO | H92: ERASMUS | J92: 004 | K92: CIRCUITOS A | L92: CIRCUITOS I | M92: 1 | N92: Perilla selectora del multimetro dañada. | P92: Juan Camilo Cañas | Q92: 46106 | R92: Contratistas laboratorios de IEE | S92: N.A | T92: Daño en perilla. | U92: Cambio de perilla, se realiza el cambio con uno de los multimetros que se encunetran en proceso para dar de baja (79) | V92: Operativo | Y92: Finalizada | AA92: Monitor
A93: S-90 | B93: JUAN CAMILO CAÑAS | C93: 20211007095 | D93: MIC | E93: 46111 | F93: 0.33333333 | G93: OSCILOSCOPIO | H93: RIGOL | I93: PS1AD105201432 | K93: ELECTRONICA B-603 | L93: N.A | M93: 5 | N93: TIENE UN BOTON DAÑADO MECANICAMENTE (BOTON ENCENDIDO ) | P93: Juan Camilo Cañas | Q93: 46111 | T93: EL MECANISMO DEL INTERRUPTOR DE ENCENDIDO FUFRIO DAÑO A NIVEL MECANICO | U93: S procedio a cambiar el interruptor por una entrada de un osciloscopio dañado | V93: Operativo | Y93: Finalizada | AA93: Tecnico
A94: S-91 | B94: KAROL ESTEFANIA AGUILAR PALACIOS | C94: 20221007091 | D94: MIC | E94: 46108 | F94: 0.5 | G94: Fuente | H94: Peaktech | I94: 410312 | K94: MAQUINAS A | L94: N.A | M94: 3 | N94: La fuente de placa 410312 tiene un pulsador dañado | P94: VANESSA CADENA | Q94: 46112 | T94: Se nota que el pulsador de (paralelo,serie) queda atascado | U94: Se realiza el cambio del pulsador y se deja funcional la fuente | V94: Operativo | Y94: Finalizada | AA94: Monitor
A95: S-92 | B95: KAROL ESTEFANIA AGUILAR PALACIOS | C95: 20221007091 | D95: MIC | E95: 46120 | F95: 0.41666667 | G95: PINZA | H95: ERASMUS | J95: 12 | K95: MAQUINAS A | L95: Circuitos II | M95: N.A | N95: La pinza de encuentra descalibrada | P95: VANESSA CADENA | Q95: 46122 | U95: Se abre el equipo (destapa) pero no se encuentra nada anormal por lo que, se tiene que realizar una calibracion externa | Y95: PENDIENTE | AA95: Monitor
A96: S-93 | B96: Juan Felipe Bonilla Albaraccin | C96: 20232005181 | D96: MIC | E96: 46078 | F96: 0.54166667 | G96: MULTIMETRO | H96: ERASMUS | J96: 027 | K96: MAQUINAS B | L96: Motores | M96: N.A | N96: Daño en la bocina | P96: Juan Camilo Cañas | Q96: 46078 | T96: Buzzer del multimetro haciendo interferencia por soldadura desprendida | U96: se procede a rectificar la soldadura | V96: Operativo | Y96: Finalizada | AA96: Monitor
A97: S-94 | B97: Laura Natalia Parra Torres | C97: 20181007054 | D97: MIC | E97: 45343 | F97: 0.41666667 | G97: FUENTE TRIFASICA | H97: LABEL | J97: 3 | K97: MAQUINAS B | L97: CONVERSION ELECTROMAGNETICA | M97: 1 | N97: Dos lineas estan sin funcionar y no sirven los displays | P97: Michel Mora- Camilo Peña | Q97: 45344 | T97: El fusible de la fase 1 no esta en funcionando por lo que los displays no estan haciendo alimentados | U97: Se hizo el cambio del portafusible y se reemplazo el fusible por uno nuevo | V97: Operativo | Y97: Finalizada | AA97: Monitor
A98: S-95 | B98: WILLIAM RICARDO LOPEZ | C98: 20232007149 | D98: MIC | E98: 46149 | F98: 0.33333333 | G98: CRT - 1k Carga Trifasica | H98: SOLINGENI | J98: 4 | K98: MAQUINAS A | L98: Circuitos II | M98: 4 | N98: R1 Y R2 PROBABLEMENTE EN CORTO, EN CUALQUIER POSICION AL ENERGIZAR SE SALTAN LAS PROTECCIONES | P98: VANESSA CADENA - CARLOS RODRIGUEZ | Q98: 46150 | T98: Se evidencia que las resistencias se fundieron por lo que se encontraba en corto, adicionalmente, estas se encuentran abiertas por lo que aun que se repararon no se puede hacer nada más ya que no se cuentan con los repuestos. | U98: Se necesita mantenimiento externo | Y98: Pendiente | AA98: Monitor
A99: S-96 | B99: JAIRO ALEXANDER RODRIGUEZ | C99: 20181007079 | D99: MIP | E99: 45345 | F99: 0.25 | G99: DECADA RESISTIVA | H99: TESCA | J99: 2 | K99: MAQUINAS B | L99: CONVERSION ELECTROMAGNETICA | M99: 2 | N99: Medicion con instrumentos de laboratorio muestra un funcionamiento anomalo | P99: CAMILO PEÑA | Q99: 45345 | T99: Se realizaron mediciones en cada una de las terminales y se encuentra en buen estado | U99: Se desarmo el equipo pero no se hizo ninguna correccion | V99: Operativo | Y99: Finalizada | AA99: Monitor
A100: S-97 | B100: Laura Natalia Parra Torres | C100: 20181007054 | D100: MIC | E100: 45344 | F100: 0.5 | G100: MULTIMETRO | H100: ERASMUS | J100: 53 | K100: COMUNICACIONES - 610 | L100: ELECTRONICA DIGITAL | M100: N.A | N100: El multimetro enciende pero solo la luz de fondo, no muestra nada de testigos o cualquier tipo de medicion en el display | P100: CAMILO PEÑA | Q100: 45344 | T100: Se revisa el equipo y se evidencia que el funcionamiento anomalo es por mal funcionamiento de la bateria | U100: Se cambio la bateria | V100: Operativo | Y100: Finalizada | AA100: Monitor
...

Sheet CPS
A1: Nombres | B1: Cedula
A2: CARLOS RODRIGUEZ | B2: 1 | C2: ASISTENCIAL
A3: NELSON GRANADOS | B3: 2 | C3: PLANTA ASISTENCIAL
A4: Juan Camilo Cañas | B4: 3 | C4: Técnico
A5: VANESSA CADENA | B5: 4 | C5: TECNICO
B6: 5
B7: 6
B8: 7

Sheet REPORTE DE MANTENIMIENTO
C2: REPORTE DE MANTENIMIENTO | H2: Código: GL-PR-002-FR-011
C3: Macro proceso: Apoyo a los misional | H3: Versión: 01
C4: Proceso: Gestión de Laboratorios | H4: Fecha de aprobación: 23/05/2018
B7: Nombre de solicitante | C7: =VLOOKUP($C$13,Datos!A4:U663,2,FALSE) | F7: Código | G7: =VLOOKUP($C$13,Datos!A4:U663,3,FALSE) | I7: Marca | J7: =VLOOKUP($C$13,Datos!A4:U663,8,FALSE)
B8: Tipo de solicitante | C8: =VLOOKUP($C$13,Datos!A4:U663,4,FALSE) | F8: Fecha | G8: =VLOOKUP($C$13,Datos!A4:U663,5,FALSE) | I8: Placa | J8: =VLOOKUP($C$13,Datos!A4:U663,9,FALSE)
B9: Nombre del equipo | C9: =VLOOKUP(C13,OfficeForms.Table[#All],7,FALSE) | F9: Hora | G9: =VLOOKUP($C$13,Datos!A4:Z187,6,FALSE) | I9: Número | J9: =VLOOKUP($C$13,Datos!A4:U663,10,FALSE)
B10: Asignatura | C10: =VLOOKUP(C13,OfficeForms.Table[#All],12,FALSE) | F10: Sala de ubicación | G10: =VLOOKUP($C$13,Datos!A4:U663,11,FALSE) | I10: Banco | J10: =VLOOKUP($C$13,Datos!A4:U663,13,FALSE)
B11: Descripción del daño | C11: =VLOOKUP($C$13,Datos!A4:U663,14,FALSE) | G11: Observación | H11: =VLOOKUP($C$13,Datos!A4:U663,15,FALSE)
B12: DETALLES DEL MANTENIMIENTO
B13: CONSECUTIVO | C13: 2 | G13: Fecha de entrada | H13: =G8 | I13: Fecha de realización | J13: =VLOOKUP($C$13,Datos!A4:Z187,17,FALSE)
B14: Técnico que realiza | C14: =VLOOKUP($C$13,Datos!A4:U663,16,FALSE)
B15: Diagnóstico | C15: =VLOOKUP($C$13,Datos!A4:U663,18,FALSE) | G15: Procedimiento | H15: =VLOOKUP($C$13,Datos!A4:U663,19,FALSE)
